delete from sql_injection_dummy;
delete from loginuser;
delete from prereq;
delete from takes;
delete from student;
delete from teaches;
delete from section;
delete from instructor;
delete from course;
insert into course values ('BIO-101', 'Intro. to Biology', '4');
insert into course values ('BIO-301', 'Genetics', '4');
insert into course values ('BIO-399', 'Computational Biology', '3');
insert into course values ('CS-101', 'Intro. to Computer Science', '4');
insert into course values ('CS-190', 'Game Design', '4');
insert into course values ('CS-315', 'Robotics', '3');
insert into course values ('CS-319', 'Image Processing', '3');
insert into course values ('CS-347', 'Database System Concepts', '3');
insert into course values ('EE-181', 'Intro. to Digital Systems','3');
insert into course values ('RACE-101', 'Race Condition', '3');
insert into instructor values ('t10101', 'Srinivasan');
insert into instructor values ('t45565', 'Katz');
insert into instructor values ('t83821', 'Brandt');
insert into instructor values ('t88546', 'Williams');
insert into instructor values ('t76766', 'Crick');
insert into instructor values ('t79969', 'Watson');
insert into instructor values ('t98345', 'Kim');
insert into instructor values ('t91180', 'Watt');
insert into section values ('BIO-101', '1', 'Spring', '2024', '100');
insert into section values ('BIO-101', '1', 'Fall', '2023', '100');
insert into section values ('BIO-301', '1', 'Spring', '2024', '100');
insert into section values ('BIO-301', '1', 'Spring', '2023', '100');
insert into section values ('BIO-399', '1', 'Spring', '2024', '100');
insert into section values ('CS-101', '1', 'Spring', '2023', '100');
insert into section values ('CS-101', '2', 'Spring', '2023', '100');
insert into section values ('CS-101', '1', 'Spring', '2024', '100');
insert into section values ('CS-101', '2', 'Spring', '2024', '100');
insert into section values ('CS-190', '1', 'Spring', '2024', '100');
insert into section values ('CS-315', '1', 'Spring', '2024', '100');
insert into section values ('CS-319', '1', 'Fall', '2023', '100');
insert into section values ('CS-347', '1', 'Spring', '2024', '100');
insert into section values ('EE-181', '1', 'Spring', '2024', '100');
insert into section values ('EE-181', '2', 'Spring', '2024', '100');
insert into section values ('EE-181', '1', 'Spring', '2023', '100');
insert into section values ('RACE-101', '1', 'Spring', '2024', '1');
insert into teaches values ('t76766', 'BIO-101', '1', 'Spring', '2024');
insert into teaches values ('t79969', 'BIO-101', '1', 'Fall', '2023');
insert into teaches values ('t76766', 'BIO-301', '1', 'Spring', '2024');
insert into teaches values ('t76766', 'BIO-301', '1', 'Spring', '2023');
insert into teaches values ('t79969', 'BIO-399', '1', 'Spring', '2024');
insert into teaches values ('t10101', 'CS-101', '1', 'Spring', '2023');
insert into teaches values ('t45565', 'CS-101', '2', 'Spring', '2023');
insert into teaches values ('t10101', 'CS-101', '1', 'Spring', '2024');
insert into teaches values ('t45565', 'CS-101', '2', 'Spring', '2024');
insert into teaches values ('t88546', 'CS-190', '1', 'Spring', '2024');
insert into teaches values ('t10101', 'CS-315', '1', 'Spring', '2024');
insert into teaches values ('t83821', 'CS-319', '1', 'Fall', '2023');
insert into teaches values ('t45565', 'CS-347', '1', 'Spring', '2024');
insert into teaches values ('t98345', 'EE-181', '1', 'Spring', '2024');
insert into teaches values ('t91180', 'EE-181', '2', 'Spring', '2024');
insert into teaches values ('t98345', 'EE-181', '1', 'Spring', '2023');
insert into student values ('s00000', 'Zhang');
insert into student values ('s11111', 'Shankar');
insert into student values ('s22222', 'Brandt');
insert into student values ('s33333', 'Chavez');
insert into student values ('s44444', 'Peltier');
insert into takes values ('s00000', 'CS-101', '1', 'Spring', '2023', 'A');
insert into takes values ('s00000', 'CS-190', '1', 'Spring', '2024', null);
insert into takes values ('s00000', 'CS-319', '1', 'Fall', '2023', 'B+');
insert into takes values ('s00000', 'BIO-101', '1', 'Fall', '2023', 'A+');
insert into takes values ('s00000', 'EE-181', '2', 'Spring', '2024', null);
insert into takes values ('s11111', 'BIO-101', '1', 'Fall', '2023', 'C-');
insert into takes values ('s11111', 'CS-101', '2', 'Spring', '2023', 'D+');
insert into takes values ('s22222', 'CS-101', '1', 'Spring', '2023', 'A+');
insert into takes values ('s22222', 'EE-181', '1', 'Spring', '2023', 'A+');
insert into takes values ('s33333', 'CS-101', '1', 'Spring', '2023', 'A+');
insert into takes values ('s33333', 'CS-190', '1', 'Spring', '2024', null);
insert into takes values ('s33333', 'CS-319', '1', 'Fall', '2023', 'F');
insert into prereq values ('BIO-301', 'BIO-101');
insert into prereq values ('BIO-399', 'BIO-101');
insert into prereq values ('BIO-399', 'CS-101');
insert into prereq values ('CS-190', 'CS-101');
insert into prereq values ('CS-315', 'CS-101');
insert into prereq values ('CS-315', 'EE-181');
insert into prereq values ('CS-319', 'CS-101');
insert into prereq values ('CS-347', 'CS-101');